Amino Acid,description,C,N,O,H,S
A,alanine,3,1,1,5,0
C,cysteine-IAM modified,5,2,2,8,1
D,aspartate,4,1,3,5,0
E,glutamate,5,1,3,7,0
F,phenylalanine,9,1,1,9,0
G,glycine,2,1,1,3,0
H,histidine,6,3,1,7,0
I,isoleucine,6,1,1,11,0
K,lysine,6,2,1,12,0
L,leucine,6,1,1,11,0
M,methionine,5,1,1,9,1
N,asparigine,4,2,2,6,0
P,proline,5,1,1,7,0
Q,glutamine,5,2,2,8,0
R,arginine,6,4,1,12,0
S,serine,3,1,2,5,0
T,threonine,4,1,2,7,0
V,valine,5,1,1,9,0
W,tryptophan,11,2,1,10,0
Y,tyrosine,9,1,2,9,0
m,oxidized methionine,5,1,2,9,1
q,pyrollidine from Q,5,1,2,5,0
